date,rainfall_mm,temperature_c,relative_humidity_pct,wind_speed_m_s,surface_pressure_kpa,latitude,longitude,location,previous_day_rainfall_mm,rain_3day_mm,rain_7day_mm,rainfall_anomaly_mm,predicted_class,prediction_probability,risk_level
2024-01-01,0.0,12.19,59.47,1.31,99.37,28.6139,77.209,Delhi,0.0,0.0,0.0,0.0,0,0.4695974081892223,MEDIUM
2024-01-02,0.0,12.34,56.57,1.35,99.32,28.6139,77.209,Delhi,0.0,0.0,0.0,0.0,0,0.46002597961779373,MEDIUM
2024-01-03,0.0,13.09,45.68,1.03,99.26,28.6139,77.209,Delhi,0.0,0.0,0.0,0.0,0,0.45336820268535577,MEDIUM
2024-01-04,0.0,11.26,60.43,1.0,99.32,28.6139,77.209,Delhi,0.0,0.0,0.0,0.0,0,0.4595974081892223,MEDIUM
2024-01-05,0.0,11.51,68.29,0.96,99.34,28.6139,77.209,Delhi,0.0,0.0,0.0,0.0,0,0.4469366181852776,MEDIUM
2024-01-06,0.0,11.67,69.21,0.83,99.45,28.6139,77.209,Delhi,0.0,0.0,0.0,0.0,0,0.4833588404074998,MEDIUM
2024-01-07,0.0,11.21,72.18,0.99,99.52,28.6139,77.209,Delhi,0.0,0.0,0.0,0.0,0,0.48295518944552435,MEDIUM
2024-01-08,0.0,13.99,57.67,0.92,99.51,28.6139,77.209,Delhi,0.0,0.0,0.0,0.0,1,0.5187155221014538,MEDIUM
2024-01-09,0.44,13.13,58.17,1.01,99.5,28.6139,77.209,Delhi,0.0,0.44,0.44,0.44,1,0.5147155221014538,MEDIUM
2024-01-10,0.0,11.66,55.33,2.47,99.33,28.6139,77.209,Delhi,0.44,0.44,0.44,-0.0628571428571428,1,0.6156969433447462,MEDIUM
2024-01-11,0.0,10.61,53.14,1.97,99.4,28.6139,77.209,Delhi,0.0,0.44,0.44,-0.0628571428571428,1,0.5789833256454143,MEDIUM
2024-01-12,0.0,11.2,47.98,1.94,99.32,28.6139,77.209,Delhi,0.0,0.0,0.44,-0.0628571428571428,1,0.5102752771112553,MEDIUM
2024-01-13,0.0,12.81,42.54,1.41,99.24,28.6139,77.209,Delhi,0.0,0.0,0.44,-0.0628571428571428,0,0.44336820268535576,MEDIUM
2024-01-14,0.0,11.84,43.3,1.74,99.27,28.6139,77.209,Delhi,0.0,0.0,0.44,-0.0628571428571428,0,0.4321786602016956,MEDIUM
2024-01-15,0.0,11.46,45.32,1.39,99.21,28.6139,77.209,Delhi,0.0,0.0,0.44,-0.0628571428571428,0,0.4121786602016956,MEDIUM
2024-01-16,0.0,12.15,43.45,1.21,99.04,28.6139,77.209,Delhi,0.0,0.0,0.0,-0.0628571428571428,0,0.4121786602016956,MEDIUM
2024-01-17,0.0,12.0,42.26,1.46,99.05,28.6139,77.209,Delhi,0.0,0.0,0.0,0.0,0,0.4121786602016956,MEDIUM
2024-01-18,0.0,12.41,45.61,0.91,99.24,28.6139,77.209,Delhi,0.0,0.0,0.0,0.0,0,0.45336820268535577,MEDIUM
2024-01-19,0.0,12.52,49.3,0.98,99.36,28.6139,77.209,Delhi,0.0,0.0,0.0,0.0,0,0.4429092654872882,MEDIUM
2024-01-20,0.0,12.29,49.95,0.93,99.42,28.6139,77.209,Delhi,0.0,0.0,0.0,0.0,0,0.42171972300362803,MEDIUM
2024-01-21,0.0,11.12,53.01,2.14,99.34,28.6139,77.209,Delhi,0.0,0.0,0.0,0.0,1,0.5789833256454143,MEDIUM
2024-01-22,0.0,11.83,38.7,1.06,99.49,28.6139,77.209,Delhi,0.0,0.0,0.0,0.0,0,0.4121786602016956,MEDIUM
2024-01-23,0.0,13.07,39.27,1.41,99.36,28.6139,77.209,Delhi,0.0,0.0,0.0,0.0,0,0.45336820268535577,MEDIUM
2024-01-24,0.0,12.49,45.28,1.15,99.37,28.6139,77.209,Delhi,0.0,0.0,0.0,0.0,0,0.44336820268535576,MEDIUM
2024-01-25,0.0,12.77,45.75,0.93,99.57,28.6139,77.209,Delhi,0.0,0.0,0.0,0.0,0,0.45336820268535577,MEDIUM
2024-01-26,0.0,14.99,38.05,0.81,99.66,28.6139,77.209,Delhi,0.0,0.0,0.0,0.0,0,0.4633682026853558,MEDIUM
2024-01-27,0.0,14.78,38.48,2.35,99.44,28.6139,77.209,Delhi,0.0,0.0,0.0,0.0,1,0.593131805327142,MEDIUM
2024-01-28,0.0,14.25,44.64,1.39,99.34,28.6139,77.209,Delhi,0.0,0.0,0.0,0.0,0,0.45336820268535577,MEDIUM
2024-01-29,0.0,15.37,44.84,1.24,99.33,28.6139,77.209,Delhi,0.0,0.0,0.0,0.0,0,0.45336820268535577,MEDIUM
2024-01-30,0.0,16.16,42.92,0.89,99.21,28.6139,77.209,Delhi,0.0,0.0,0.0,0.0,0,0.4598387909206499,MEDIUM
2024-01-31,1.99,16.08,50.07,1.18,99.13,28.6139,77.209,Delhi,0.0,1.99,1.99,1.99,0,0.44937985372258227,MEDIUM
2024-02-01,16.76,14.26,73.16,2.74,99.18,28.6139,77.209,Delhi,1.99,18.75,18.75,16.475714285714286,1,0.6061427161585458,MEDIUM
2024-02-02,0.03,13.83,57.25,2.12,99.43,28.6139,77.209,Delhi,16.76,18.78,18.78,-2.648571428571429,1,0.6523056553554849,MEDIUM
2024-02-03,0.38,15.72,39.92,1.96,99.27,28.6139,77.209,Delhi,0.03,17.17,19.16,-2.302857142857143,1,0.593131805327142,MEDIUM
2024-02-04,3.03,15.03,83.36,1.21,99.24,28.6139,77.209,Delhi,0.38,3.44,22.19,0.2928571428571427,1,0.5184407196528865,MEDIUM
2024-02-05,0.1,15.45,66.77,1.7,99.28,28.6139,77.209,Delhi,3.03,3.51,22.29,-3.0700000000000003,0,0.4988753629145321,MEDIUM
2024-02-06,0.0,12.68,41.28,2.51,99.51,28.6139,77.209,Delhi,0.1,3.13,22.29,-3.184285714285714,1,0.583131805327142,MEDIUM
2024-02-07,0.0,12.76,41.85,2.85,99.58,28.6139,77.209,Delhi,0.0,0.1,20.3,-3.184285714285714,1,0.5683699005652374,MEDIUM
2024-02-08,0.0,12.51,42.24,3.74,99.36,28.6139,77.209,Delhi,0.0,0.0,3.54,-2.9,1,0.5562154604107972,MEDIUM
2024-02-09,0.0,14.35,35.15,1.73,99.47,28.6139,77.209,Delhi,0.0,0.0,3.51,-0.5057142857142857,0,0.47336820268535573,MEDIUM
2024-02-10,0.0,15.69,33.51,0.83,99.66,28.6139,77.209,Delhi,0.0,0.0,3.13,-0.5014285714285714,0,0.4633682026853558,MEDIUM
2024-02-11,0.0,15.07,42.52,1.2,99.6,28.6139,77.209,Delhi,0.0,0.0,0.1,-0.4471428571428571,0,0.45336820268535577,MEDIUM
2024-02-12,0.0,16.91,40.35,0.81,99.48,28.6139,77.209,Delhi,0.0,0.0,0.0,-0.0142857142857142,0,0.4506721242539832,MEDIUM
2024-02-13,0.0,17.65,34.89,0.78,99.4,28.6139,77.209,Delhi,0.0,0.0,0.0,0.0,0,0.43678927401243733,MEDIUM
2024-02-14,0.0,16.78,41.28,1.32,99.38,28.6139,77.209,Delhi,0.0,0.0,0.0,0.0,0,0.4506721242539832,MEDIUM
2024-02-15,0.0,16.76,45.43,1.49,99.47,28.6139,77.209,Delhi,0.0,0.0,0.0,0.0,0,0.4506721242539832,MEDIUM
2024-02-16,0.0,16.74,37.97,1.47,99.5,28.6139,77.209,Delhi,0.0,0.0,0.0,0.0,0,0.4506721242539832,MEDIUM
2024-02-17,0.0,17.34,33.27,1.95,99.04,28.6139,77.209,Delhi,0.0,0.0,0.0,0.0,1,0.5407554561393884,MEDIUM
2024-02-18,0.0,19.55,30.47,1.57,98.81,28.6139,77.209,Delhi,0.0,0.0,0.0,0.0,0,0.37509722930287076,MEDIUM
2024-02-19,0.02,19.88,37.77,3.0,98.62,28.6139,77.209,Delhi,0.0,0.02,0.02,0.02,0,0.4802504423342675,MEDIUM
2024-02-20,1.39,20.6,55.19,1.28,98.58,28.6139,77.209,Delhi,0.02,1.41,1.41,1.387142857142857,0,0.43466695625282215,MEDIUM
2024-02-21,0.0,17.72,35.78,1.76,98.6,28.6139,77.209,Delhi,1.39,1.41,1.41,-0.2014285714285714,0,0.4252487444543858,MEDIUM
2024-02-22,0.0,17.08,35.52,1.84,98.84,28.6139,77.209,Delhi,0.0,1.39,1.41,-0.2014285714285714,0,0.4606721242539832,MEDIUM
2024-02-23,0.0,15.79,38.54,2.0,99.12,28.6139,77.209,Delhi,0.0,0.0,1.41,-0.2014285714285714,1,0.5856023935624362,MEDIUM
2024-02-24,0.0,17.01,33.89,1.41,99.14,28.6139,77.209,Delhi,0.0,0.0,1.41,-0.2014285714285714,0,0.44067212425398317,MEDIUM
2024-02-25,0.0,17.31,31.93,1.48,99.33,28.6139,77.209,Delhi,0.0,0.0,1.41,-0.2014285714285714,0,0.4433110131428721,MEDIUM
2024-02-26,0.0,18.28,33.2,2.09,99.34,28.6139,77.209,Delhi,0.0,0.0,1.39,-0.2014285714285714,1,0.5366790137628389,MEDIUM
2024-02-27,0.23,17.51,50.0,2.39,99.35,28.6139,77.209,Delhi,0.0,0.23,0.23,0.0314285714285714,1,0.566093939456156,MEDIUM
2024-02-28,0.01,18.15,46.72,2.65,99.11,28.6139,77.209,Delhi,0.23,0.24,0.24,-0.0228571428571428,1,0.540902616247311,MEDIUM
2024-02-29,0.0,18.77,37.17,2.17,99.02,28.6139,77.209,Delhi,0.01,0.24,0.24,-0.0342857142857142,1,0.504860831944657,MEDIUM
2024-03-01,2.54,22.17,36.53,1.45,98.9,28.6139,77.209,Delhi,0.0,2.55,2.78,2.505714285714286,0,0.3731708223764638,MEDIUM
2024-03-02,5.24,20.11,60.49,3.42,98.67,28.6139,77.209,Delhi,2.54,7.78,8.02,4.842857142857143,1,0.5126814728578012,MEDIUM
2024-03-03,7.7,18.56,69.75,1.61,98.74,28.6139,77.209,Delhi,5.24,15.48,15.72,6.554285714285714,0,0.4320090405912935,MEDIUM
2024-03-04,0.05,15.19,37.01,2.06,99.16,28.6139,77.209,Delhi,7.7,12.990000000000002,15.77,-2.195714285714286,1,0.593131805327142,MEDIUM
2024-03-05,0.0,14.65,31.26,2.54,99.25,28.6139,77.209,Delhi,0.05,7.75,15.54,-2.252857142857143,1,0.593131805327142,MEDIUM
2024-03-06,0.0,15.48,33.17,2.17,99.09,28.6139,77.209,Delhi,0.0,0.05,15.53,-2.22,1,0.593131805327142,MEDIUM
2024-03-07,0.0,17.8,36.77,1.95,99.02,28.6139,77.209,Delhi,0.0,0.0,15.53,-2.218571428571429,0,0.49435985411756883,MEDIUM
2024-03-08,0.0,18.99,37.41,2.18,99.11,28.6139,77.209,Delhi,0.0,0.0,12.990000000000002,-2.218571428571429,1,0.504860831944657,MEDIUM
2024-03-09,0.0,18.67,37.46,2.49,99.09,28.6139,77.209,Delhi,0.0,0.0,7.75,-1.855714285714286,1,0.514860831944657,MEDIUM
2024-03-10,0.0,19.97,35.94,1.56,99.07,28.6139,77.209,Delhi,0.0,0.0,0.05,-1.1071428571428572,0,0.38509722930287077,MEDIUM
2024-03-11,0.0,22.55,31.04,1.17,99.15,28.6139,77.209,Delhi,0.0,0.0,0.0,-0.0071428571428571,0,0.3731708223764638,MEDIUM
2024-03-12,0.0,23.13,34.67,1.79,98.96,28.6139,77.209,Delhi,0.0,0.0,0.0,0.0,0,0.38003128749274295,MEDIUM
2024-03-13,0.02,23.08,34.57,1.97,98.72,28.6139,77.209,Delhi,0.0,0.02,0.02,0.02,0,0.4839359157755549,MEDIUM
2024-03-14,0.0,22.51,35.78,1.86,98.94,28.6139,77.209,Delhi,0.02,0.02,0.02,-0.0028571428571428,0,0.3831708223764639,MEDIUM
2024-03-15,0.0,21.98,34.23,2.7,98.93,28.6139,77.209,Delhi,0.0,0.02,0.02,-0.0028571428571428,0,0.49650585358967875,MEDIUM
2024-03-16,0.0,20.45,28.67,1.44,99.07,28.6139,77.209,Delhi,0.0,0.0,0.02,-0.0028571428571428,0,0.38509722930287077,MEDIUM
2024-03-17,0.0,21.4,26.27,1.48,99.0,28.6139,77.209,Delhi,0.0,0.0,0.02,-0.0028571428571428,0,0.3631708223764638,MEDIUM
2024-03-18,0.0,22.64,28.43,1.8,98.86,28.6139,77.209,Delhi,0.0,0.0,0.02,-0.0028571428571428,0,0.3831708223764639,MEDIUM
2024-03-19,0.0,23.29,28.31,1.8,98.83,28.6139,77.209,Delhi,0.0,0.0,0.02,-0.0028571428571428,0,0.37203128749274295,MEDIUM
2024-03-20,0.0,25.53,22.49,1.18,98.85,28.6139,77.209,Delhi,0.0,0.0,0.0,-0.0028571428571428,0,0.34654308081002816,LOW
2024-03-21,0.0,21.9,28.5,1.94,98.88,28.6139,77.209,Delhi,0.0,0.0,0.0,0.0,0,0.4606152653729801,MEDIUM
2024-03-22,0.0,24.74,29.4,1.65,98.5,28.6139,77.209,Delhi,0.0,0.0,0.0,0.0,0,0.34654308081002816,LOW
2024-03-23,0.0,26.75,26.44,2.92,98.38,28.6139,77.209,Delhi,0.0,0.0,0.0,0.0,0,0.4386940984731166,MEDIUM
2024-03-24,0.0,24.62,27.57,1.89,98.65,28.6139,77.209,Delhi,0.0,0.0,0.0,0.0,0,0.3434435137104611,LOW
2024-03-25,0.0,25.92,27.19,2.79,98.75,28.6139,77.209,Delhi,0.0,0.0,0.0,0.0,0,0.4384712302560624,MEDIUM
2024-03-26,0.0,27.34,27.25,2.21,98.66,28.6139,77.209,Delhi,0.0,0.0,0.0,0.0,0,0.4433044880835062,MEDIUM
2024-03-27,0.0,30.05,25.42,1.96,98.82,28.6139,77.209,Delhi,0.0,0.0,0.0,0.0,0,0.4312168194036161,MEDIUM
2024-03-28,0.0,30.98,30.71,1.85,98.57,28.6139,77.209,Delhi,0.0,0.0,0.0,0.0,0,0.3369685537504227,LOW
2024-03-29,0.16,31.17,32.97,1.17,98.45,28.6139,77.209,Delhi,0.0,0.16,0.16,0.16,0,0.3269685537504226,LOW
2024-03-30,3.52,29.96,28.77,2.33,98.52,28.6139,77.209,Delhi,0.16,3.68,3.68,3.4971428571428573,0,0.4312168194036161,MEDIUM
2024-03-31,0.0,28.6,23.42,2.4,98.6,28.6139,77.209,Delhi,3.52,3.68,3.68,-0.5257142857142857,0,0.4462168194036161,MEDIUM
2024-04-01,0.0,26.08,29.61,3.49,98.45,28.6139,77.209,Delhi,0.0,3.52,3.68,-0.5257142857142857,0,0.44561408739891945,MEDIUM
2024-04-02,0.0,26.81,19.34,2.86,98.32,28.6139,77.209,Delhi,0.0,0.0,3.68,-0.5257142857142857,0,0.4386940984731166,MEDIUM
2024-04-03,0.0,29.08,21.1,1.04,98.4,28.6139,77.209,Delhi,0.0,0.0,3.68,-0.5257142857142857,0,0.3386352204170894,LOW
2024-04-04,0.0,29.96,18.97,1.7,98.36,28.6139,77.209,Delhi,0.0,0.0,3.68,-0.5257142857142857,0,0.3336352204170893,LOW
2024-04-05,0.0,28.79,21.31,2.74,98.38,28.6139,77.209,Delhi,0.0,0.0,3.52,-0.5257142857142857,0,0.4316064297932265,MEDIUM
2024-04-06,0.0,27.68,19.14,2.41,98.35,28.6139,77.209,Delhi,0.0,0.0,0.0,-0.5028571428571429,0,0.4408044880835062,MEDIUM
2024-04-07,0.0,27.9,15.37,2.38,98.36,28.6139,77.209,Delhi,0.0,0.0,0.0,0.0,0,0.4368964421064947,MEDIUM
2024-04-08,0.0,29.41,15.81,2.06,98.45,28.6139,77.209,Delhi,0.0,0.0,0.0,0.0,0,0.4462168194036161,MEDIUM
2024-04-09,0.0,29.36,14.78,1.79,98.5,28.6139,77.209,Delhi,0.0,0.0,0.0,0.0,0,0.3486352204170894,LOW
2024-04-10,0.0,30.48,15.94,1.41,98.52,28.6139,77.209,Delhi,0.0,0.0,0.0,0.0,0,0.3236352204170893,LOW
2024-04-11,0.0,31.24,26.16,0.89,98.64,28.6139,77.209,Delhi,0.0,0.0,0.0,0.0,0,0.3619685537504227,MEDIUM
2024-04-12,0.32,32.24,22.34,1.28,98.53,28.6139,77.209,Delhi,0.0,0.32,0.32,0.32,0,0.324051887083756,LOW
2024-04-13,0.0,31.84,25.95,2.08,98.51,28.6139,77.209,Delhi,0.32,0.32,0.32,-0.0457142857142857,0,0.42765912709592385,MEDIUM
2024-04-14,1.15,30.38,32.53,1.52,98.65,28.6139,77.209,Delhi,0.0,1.47,1.47,1.104285714285714,0,0.3336352204170893,LOW
2024-04-15,1.2,29.51,38.01,1.73,98.73,28.6139,77.209,Delhi,1.15,2.35,2.67,0.99,0,0.3486352204170894,LOW
2024-04-16,0.0,30.15,34.11,3.52,98.57,28.6139,77.209,Delhi,1.2,2.35,2.67,-0.3814285714285714,0,0.4247314297932265,MEDIUM
2024-04-17,0.0,29.82,23.79,4.43,98.38,28.6139,77.209,Delhi,0.0,1.2,2.67,-0.3814285714285714,0,0.4113700299318267,MEDIUM
2024-04-18,0.0,31.08,23.83,3.05,98.22,28.6139,77.209,Delhi,0.0,0.0,2.67,-0.3814285714285714,0,0.41993976312655995,MEDIUM
2024-04-19,0.0,32.13,25.42,2.75,97.97,28.6139,77.209,Delhi,0.0,0.0,2.35,-0.3814285714285714,0,0.41304873748553433,MEDIUM
2024-04-20,0.0,30.83,22.4,2.75,98.0,28.6139,77.209,Delhi,0.0,0.0,2.35,-0.3357142857142857,0,0.41993976312655995,MEDIUM
2024-04-21,0.0,31.4,26.13,2.93,98.12,28.6139,77.209,Delhi,0.0,0.0,1.2,-0.3357142857142857,0,0.41993976312655995,MEDIUM
2024-04-22,0.01,31.99,24.93,2.77,98.24,28.6139,77.209,Delhi,0.0,0.01,0.01,-0.1614285714285714,0,0.41304873748553433,MEDIUM
2024-04-23,0.0,32.37,17.73,1.66,98.12,28.6139,77.209,Delhi,0.01,0.01,0.01,-0.0014285714285714,0,0.334051887083756,LOW
2024-04-24,0.82,31.17,21.97,2.47,98.15,28.6139,77.209,Delhi,0.0,0.83,0.83,0.8185714285714285,0,0.43455015273694947,MEDIUM
2024-04-25,0.0,32.36,19.62,2.96,98.12,28.6139,77.209,Delhi,0.82,0.82,0.83,-0.1185714285714285,0,0.41304873748553433,MEDIUM
2024-04-26,0.0,33.79,19.33,1.76,98.01,28.6139,77.209,Delhi,0.0,0.82,0.83,-0.1185714285714285,0,0.34268825072011955,LOW
2024-04-27,0.5,33.55,20.07,2.87,98.08,28.6139,77.209,Delhi,0.0,0.5,1.33,0.3814285714285714,0,0.42168510112189794,MEDIUM
2024-04-28,0.01,32.18,23.06,1.99,98.21,28.6139,77.209,Delhi,0.5,0.51,1.34,-0.18,0,0.42765912709592385,MEDIUM
2024-04-29,0.0,33.26,22.98,2.98,98.12,28.6139,77.209,Delhi,0.01,0.51,1.3299999999999998,-0.1914285714285714,0,0.42168510112189794,MEDIUM
2024-04-30,0.0,30.33,21.9,3.07,98.08,28.6139,77.209,Delhi,0.0,0.01,1.3299999999999998,-0.1899999999999999,0,0.4247314297932265,MEDIUM
2024-05-01,0.0,27.77,19.07,3.88,97.92,28.6139,77.209,Delhi,0.0,0.0,0.51,-0.1899999999999999,0,0.44153462168863966,MEDIUM
2024-05-02,0.0,28.64,18.53,2.84,98.0,28.6139,77.209,Delhi,0.0,0.0,0.51,-0.0728571428571428,0,0.4316064297932265,MEDIUM
2024-05-03,0.0,31.32,15.05,3.25,98.12,28.6139,77.209,Delhi,0.0,0.0,0.51,-0.0728571428571428,0,0.4247314297932265,MEDIUM
2024-05-04,0.0,33.94,15.78,2.26,98.05,28.6139,77.209,Delhi,0.0,0.0,0.01,-0.0728571428571428,0,0.4362954907322875,MEDIUM
2024-05-05,0.0,34.47,20.69,2.7,97.67,28.6139,77.209,Delhi,0.0,0.0,0.0,-0.0014285714285714,0,0.46282624415981677,MEDIUM
2024-05-06,0.0,34.93,20.65,2.59,97.89,28.6139,77.209,Delhi,0.0,0.0,0.0,0.0,0,0.45449291082648346,MEDIUM
2024-05-07,0.0,35.9,19.19,1.28,98.06,28.6139,77.209,Delhi,0.0,0.0,0.0,0.0,0,0.3344791409892708,LOW
2024-05-08,0.0,35.02,19.31,2.3,98.06,28.6139,77.209,Delhi,0.0,0.0,0.0,0.0,0,0.4492548155883882,MEDIUM
2024-05-09,0.04,33.19,28.64,2.53,98.11,28.6139,77.209,Delhi,0.0,0.04,0.04,0.04,0,0.4362954907322875,MEDIUM
2024-05-10,0.04,34.37,27.33,2.14,98.15,28.6139,77.209,Delhi,0.04,0.08,0.08,0.0342857142857142,0,0.45301817980791775,MEDIUM
2024-05-11,0.36,34.35,29.22,1.91,98.35,28.6139,77.209,Delhi,0.04,0.44,0.44,0.3485714285714285,0,0.4197720494589328,MEDIUM
2024-05-12,0.03,34.88,24.38,1.89,98.34,28.6139,77.209,Delhi,0.36,0.43,0.47,-0.0328571428571428,0,0.3394791409892708,LOW
2024-05-13,0.02,34.96,20.55,1.72,98.36,28.6139,77.209,Delhi,0.03,0.41,0.49,-0.0471428571428571,0,0.3394791409892708,LOW
2024-05-14,0.0,34.47,15.96,2.4,98.37,28.6139,77.209,Delhi,0.02,0.05,0.49,-0.0699999999999999,0,0.4592548155883882,MEDIUM
2024-05-15,0.0,35.3,11.8,1.97,98.35,28.6139,77.209,Delhi,0.0,0.02,0.49,-0.0699999999999999,0,0.4492548155883882,MEDIUM
2024-05-16,0.0,36.64,12.45,1.6,98.27,28.6139,77.209,Delhi,0.0,0.0,0.45,-0.0699999999999999,0,0.3444791409892708,LOW
2024-05-17,0.0,38.49,14.11,1.91,97.95,28.6139,77.209,Delhi,0.0,0.0,0.41,-0.0642857142857143,0,0.4210086852394032,MEDIUM
2024-05-18,0.0,38.45,15.12,2.5,97.64,28.6139,77.209,Delhi,0.0,0.0,0.05,-0.0585714285714285,0,0.4542548155883882,MEDIUM
2024-05-19,0.0,38.84,17.41,2.93,97.52,28.6139,77.209,Delhi,0.0,0.0,0.02,-0.0071428571428571,0,0.4396444259779986,MEDIUM
2024-05-20,0.0,39.07,16.48,3.04,97.62,28.6139,77.209,Delhi,0.0,0.0,0.0,-0.0028571428571428,0,0.4396444259779986,MEDIUM
2024-05-21,0.0,37.88,14.96,1.78,97.74,28.6139,77.209,Delhi,0.0,0.0,0.0,0.0,0,0.3444791409892708,LOW
2024-05-22,0.0,37.36,18.14,2.3,97.76,28.6139,77.209,Delhi,0.0,0.0,0.0,0.0,0,0.4542548155883882,MEDIUM
2024-05-23,0.0,36.76,29.06,3.59,97.73,28.6139,77.209,Delhi,0.0,0.0,0.0,0.0,0,0.44443609264466516,MEDIUM
2024-05-24,0.0,36.74,30.24,2.46,97.7,28.6139,77.209,Delhi,0.0,0.0,0.0,0.0,0,0.4542548155883882,MEDIUM
2024-05-25,0.0,38.26,23.1,2.43,97.49,28.6139,77.209,Delhi,0.0,0.0,0.0,0.0,0,0.4542548155883882,MEDIUM
2024-05-26,0.0,39.23,16.72,2.66,97.33,28.6139,77.209,Delhi,0.0,0.0,0.0,0.0,0,0.4578262441598168,MEDIUM
2024-05-27,0.0,39.37,15.79,2.17,97.08,28.6139,77.209,Delhi,0.0,0.0,0.0,0.0,0,0.4542548155883882,MEDIUM
2024-05-28,0.0,40.32,9.69,1.97,96.88,28.6139,77.209,Delhi,0.0,0.0,0.0,0.0,0,0.4542548155883882,MEDIUM
2024-05-29,0.0,39.82,11.16,2.28,97.02,28.6139,77.209,Delhi,0.0,0.0,0.0,0.0,0,0.4542548155883882,MEDIUM
2024-05-30,0.0,39.49,13.15,3.18,97.35,28.6139,77.209,Delhi,0.0,0.0,0.0,0.0,0,0.44443609264466516,MEDIUM
2024-05-31,0.0,39.45,9.84,2.58,97.47,28.6139,77.209,Delhi,0.0,0.0,0.0,0.0,0,0.4594929108264834,MEDIUM
2024-06-01,0.01,38.63,15.77,2.59,97.66,28.6139,77.209,Delhi,0.0,0.01,0.01,0.01,0,0.4594929108264834,MEDIUM
2024-06-02,0.0,38.73,21.53,2.06,97.77,28.6139,77.209,Delhi,0.01,0.01,0.01,-0.0014285714285714,0,0.4542548155883882,MEDIUM
2024-06-03,0.01,39.2,18.55,3.03,97.65,28.6139,77.209,Delhi,0.0,0.02,0.02,0.0085714285714285,0,0.4396444259779986,MEDIUM
2024-06-04,2.03,39.51,18.85,2.3,97.66,28.6139,77.209,Delhi,0.01,2.04,2.05,2.027142857142857,0,0.4542548155883882,MEDIUM
2024-06-05,0.13,38.81,21.15,3.06,97.73,28.6139,77.209,Delhi,2.03,2.1699999999999995,2.18,-0.1628571428571428,0,0.4477694259779985,MEDIUM
2024-06-06,1.2,37.27,22.79,2.31,98.01,28.6139,77.209,Delhi,0.13,3.36,3.38,0.8885714285714286,0,0.4542548155883882,MEDIUM
2024-06-07,0.0,37.43,26.29,3.31,97.79,28.6139,77.209,Delhi,1.2,1.33,3.38,-0.4828571428571428,0,0.44443609264466516,MEDIUM
2024-06-08,0.0,37.64,24.29,3.87,97.68,28.6139,77.209,Delhi,0.0,1.2000000000000002,3.37,-0.4828571428571428,0,0.4516516158601884,MEDIUM
2024-06-09,0.0,37.28,21.07,3.54,97.66,28.6139,77.209,Delhi,0.0,0.0,3.37,-0.4814285714285714,0,0.44443609264466516,MEDIUM
2024-06-10,0.0,37.63,17.96,3.21,97.66,28.6139,77.209,Delhi,0.0,0.0,3.36,-0.4814285714285714,0,0.44443609264466516,MEDIUM
2024-06-11,0.0,38.21,16.09,2.56,97.62,28.6139,77.209,Delhi,0.0,0.0,1.33,-0.48,0,0.4594929108264834,MEDIUM
2024-06-12,0.0,39.09,14.95,2.61,97.55,28.6139,77.209,Delhi,0.0,0.0,1.2000000000000002,-0.19,0,0.4578262441598168,MEDIUM
2024-06-13,0.0,39.48,19.67,4.21,97.44,28.6139,77.209,Delhi,0.0,0.0,0.0,-0.1714285714285714,0,0.4441516158601884,MEDIUM
2024-06-14,0.36,39.82,22.72,5.51,97.41,28.6139,77.209,Delhi,0.0,0.36,0.36,0.36,0,0.4434054136175359,MEDIUM
2024-06-15,0.0,40.23,20.93,4.83,97.39,28.6139,77.209,Delhi,0.36,0.36,0.36,-0.0514285714285714,0,0.4390551462378568,MEDIUM
2024-06-16,0.0,40.28,21.8,4.74,97.44,28.6139,77.209,Delhi,0.0,0.36,0.36,-0.0514285714285714,0,0.4390551462378568,MEDIUM
2024-06-17,0.0,41.15,23.82,4.53,97.44,28.6139,77.209,Delhi,0.0,0.0,0.36,-0.0514285714285714,0,0.4441516158601884,MEDIUM
2024-06-18,0.0,41.23,24.27,4.9,97.22,28.6139,77.209,Delhi,0.0,0.0,0.36,-0.0514285714285714,0,0.4390551462378568,MEDIUM
2024-06-19,0.0,40.97,24.55,4.48,97.01,28.6139,77.209,Delhi,0.0,0.0,0.36,-0.0514285714285714,0,0.4441516158601884,MEDIUM
2024-06-20,3.09,38.99,27.03,2.14,97.24,28.6139,77.209,Delhi,0.0,3.09,3.45,3.0385714285714283,0,0.4542548155883882,MEDIUM
2024-06-21,0.92,36.94,31.13,2.1,97.46,28.6139,77.209,Delhi,3.09,4.01,4.01,0.4271428571428572,0,0.4542548155883882,MEDIUM
2024-06-22,0.0,37.05,29.25,1.42,97.48,28.6139,77.209,Delhi,0.92,4.01,4.01,-0.5728571428571428,0,0.3344791409892708,LOW
2024-06-23,0.69,38.13,31.69,1.89,97.52,28.6139,77.209,Delhi,0.0,1.61,4.7,0.1171428571428571,0,0.3444791409892708,LOW
2024-06-24,20.52,35.09,47.12,2.16,97.46,28.6139,77.209,Delhi,0.69,21.21,25.22,19.84857142857143,0,0.29216056139290186,LOW
2024-06-25,0.04,36.02,47.46,1.19,97.34,28.6139,77.209,Delhi,20.52,21.25,25.26,-3.5628571428571427,0,0.3294791409892707,LOW
2024-06-26,4.73,36.06,45.85,2.16,97.42,28.6139,77.209,Delhi,0.04,25.29,29.99,1.1214285714285723,0,0.40024729050477625,MEDIUM
2024-06-27,25.97,32.06,69.38,2.18,97.69,28.6139,77.209,Delhi,4.73,30.74,52.87,21.685714285714283,0,0.4657260930936944,MEDIUM
2024-06-28,2.88,31.85,67.8,2.58,97.55,28.6139,77.209,Delhi,25.97,33.58,54.83,-4.672857142857143,0,0.49787730280677084,MEDIUM
2024-06-29,3.85,32.83,63.35,3.12,97.42,28.6139,77.209,Delhi,2.88,32.7,58.67999999999999,-3.982857142857143,1,0.5052819869131678,MEDIUM
2024-06-30,8.37,33.33,63.7,2.39,97.33,28.6139,77.209,Delhi,3.85,15.1,66.36,-0.0128571428571433,0,0.4798612346972205,MEDIUM
2024-07-01,3.45,33.18,63.93,2.45,97.08,28.6139,77.209,Delhi,8.37,15.669999999999998,49.29,-6.03,0,0.49263739748791807,MEDIUM
2024-07-02,6.23,33.78,66.18,2.17,96.98,28.6139,77.209,Delhi,3.45,18.05,55.48,-0.8114285714285705,1,0.5065043293749738,MEDIUM
2024-07-03,21.94,30.67,78.16,1.51,97.26,28.6139,77.209,Delhi,6.23,31.620000000000005,72.69,14.014285714285716,0,0.3891620946590147,MEDIUM
2024-07-04,9.0,28.55,85.11,2.66,97.51,28.6139,77.209,Delhi,21.94,37.17,55.72,-1.3842857142857137,1,0.5552330330072922,MEDIUM
2024-07-05,5.06,31.32,73.22,2.39,97.28,28.6139,77.209,Delhi,9.0,36.0,57.9,-2.9000000000000004,1,0.5530346522151979,MEDIUM
2024-07-06,18.15,29.85,79.03,2.22,97.19,28.6139,77.209,Delhi,5.06,32.209999999999994,72.2,9.878571428571428,0,0.4904288488973328,MEDIUM
2024-07-07,7.29,30.08,76.58,1.26,97.42,28.6139,77.209,Delhi,18.15,30.5,71.12,-3.024285714285715,0,0.4308649729975915,MEDIUM
2024-07-08,8.59,30.69,75.18,2.1,97.75,28.6139,77.209,Delhi,7.29,34.03,76.25999999999999,-1.5700000000000005,1,0.5483834894245002,MEDIUM
2024-07-09,4.68,30.22,75.75,1.8,97.87,28.6139,77.209,Delhi,8.59,20.56,74.71000000000001,-6.2142857142857135,0,0.45086497299759154,MEDIUM
2024-07-10,2.69,32.47,67.97,1.56,97.78,28.6139,77.209,Delhi,4.68,15.96,55.46,-7.982857142857144,0,0.4091504097131519,MEDIUM
2024-07-11,4.47,33.28,69.07,1.96,97.38,28.6139,77.209,Delhi,2.69,11.84,50.92999999999999,-3.452857142857142,1,0.5329630002975695,MEDIUM
2024-07-12,1.65,33.58,66.0,2.21,97.22,28.6139,77.209,Delhi,4.47,8.81,47.52,-5.625714285714285,1,0.5065043293749738,MEDIUM
2024-07-13,1.88,31.54,68.35,1.24,97.33,28.6139,77.209,Delhi,1.65,8.0,31.25,-4.908571428571428,0,0.40048812901139763,MEDIUM
2024-07-14,0.79,32.44,62.33,1.49,97.34,28.6139,77.209,Delhi,1.88,4.32,24.75,-3.6742857142857135,0,0.37249385950667907,MEDIUM
2024-07-15,2.19,32.3,66.1,2.36,97.6,28.6139,77.209,Delhi,0.79,4.859999999999999,18.35,-1.3457142857142856,0,0.4978679657386102,MEDIUM
2024-07-16,0.32,32.53,68.17,2.96,97.68,28.6139,77.209,Delhi,2.19,3.3,13.99,-2.301428571428572,1,0.503379559419789,MEDIUM
2024-07-17,0.76,32.47,67.72,2.35,97.65,28.6139,77.209,Delhi,0.32,3.27,12.06,-1.2385714285714289,0,0.4926392075686756,MEDIUM
2024-07-18,5.71,32.3,70.47,1.73,97.49,28.6139,77.209,Delhi,0.76,6.79,13.3,3.987142857142857,0,0.44755152428820744,MEDIUM
2024-07-19,4.44,31.87,70.77,2.18,97.43,28.6139,77.209,Delhi,5.71,10.91,16.09,2.54,1,0.5567260745023193,MEDIUM
2024-07-20,3.43,32.13,68.07,1.73,97.49,28.6139,77.209,Delhi,4.44,13.58,17.64,1.1314285714285717,0,0.4075714623447309,MEDIUM
2024-07-21,1.65,33.17,64.19,2.58,97.45,28.6139,77.209,Delhi,3.43,9.52,18.5,-0.8700000000000001,1,0.5023199371704578,MEDIUM
2024-07-22,9.08,32.43,68.85,2.72,97.48,28.6139,77.209,Delhi,1.65,14.16,25.39,6.437142857142858,1,0.5178177431838841,MEDIUM
2024-07-23,8.25,32.15,72.55,2.46,97.36,28.6139,77.209,Delhi,9.08,18.98,33.32,4.622857142857143,1,0.5396218874437375,MEDIUM
2024-07-24,18.95,29.89,83.12,2.85,97.03,28.6139,77.209,Delhi,8.25,36.28,51.510000000000005,14.19,0,0.4966478831792683,MEDIUM
2024-07-25,0.22,31.07,76.87,2.27,96.95,28.6139,77.209,Delhi,18.95,27.42,46.02,-7.13857142857143,1,0.5548622130110711,MEDIUM
2024-07-26,9.92,31.09,76.35,1.44,97.18,28.6139,77.209,Delhi,0.22,29.09,51.5,3.345714285714285,0,0.42516485915794283,MEDIUM
2024-07-27,27.22,30.71,81.12,1.89,97.41,28.6139,77.209,Delhi,9.92,37.36,75.28999999999999,19.86285714285714,0,0.3584282346261023,MEDIUM
2024-07-28,0.05,31.95,72.77,2.11,97.42,28.6139,77.209,Delhi,27.22,37.19,73.69,-10.705714285714285,1,0.5461436265741721,MEDIUM
2024-07-29,0.03,31.85,72.43,2.49,97.4,28.6139,77.209,Delhi,0.05,27.3,64.63999999999999,-10.497142857142858,1,0.5396218874437375,MEDIUM
2024-07-30,1.93,32.47,71.56,2.03,97.54,28.6139,77.209,Delhi,0.03,2.01,58.32,-7.304285714285713,1,0.5567260745023193,MEDIUM
2024-07-31,27.93,31.78,78.87,2.0,97.49,28.6139,77.209,Delhi,1.93,29.89,67.30000000000001,19.59857142857143,0,0.46937852498230137,MEDIUM
2024-08-01,41.56,28.8,89.15,2.48,97.42,28.6139,77.209,Delhi,27.93,71.42,108.64,31.94571428571429,0,0.48152658676173,MEDIUM
2024-08-02,2.84,29.08,84.65,2.08,97.38,28.6139,77.209,Delhi,41.56,72.33000000000001,101.56,-12.68,1,0.5461565919045354,MEDIUM
2024-08-03,0.04,29.1,82.36,2.88,97.61,28.6139,77.209,Delhi,2.84,44.440000000000005,74.38000000000001,-14.46857142857143,1,0.5595656828136263,MEDIUM
2024-08-04,0.73,29.18,80.32,3.28,97.72,28.6139,77.209,Delhi,0.04,3.61,75.06000000000002,-9.895714285714286,1,0.5653235225348806,MEDIUM
2024-08-05,0.43,29.17,82.51,4.32,97.68,28.6139,77.209,Delhi,0.73,1.2,75.46000000000001,-10.292857142857146,1,0.5871992730497912,MEDIUM
2024-08-06,3.83,28.67,83.27,3.26,97.54,28.6139,77.209,Delhi,0.43,4.99,77.36,-6.950000000000001,1,0.555323258571202,MEDIUM
2024-08-07,26.59,27.1,89.45,3.12,97.69,28.6139,77.209,Delhi,3.83,30.85,76.02000000000001,15.538571428571428,0,0.4810031185468936,MEDIUM
2024-08-08,4.73,28.22,88.12,2.6,97.77,28.6139,77.209,Delhi,26.59,35.15,39.19,-6.130000000000001,1,0.544747739357174,MEDIUM
2024-08-09,4.88,28.26,91.23,1.09,97.81,28.6139,77.209,Delhi,4.73,36.2,41.23,-0.718571428571428,0,0.4231779247314165,MEDIUM
2024-08-10,1.95,28.99,86.05,1.3,97.79,28.6139,77.209,Delhi,4.88,11.559999999999995,43.14,-3.94,0,0.42872185189105577,MEDIUM
2024-08-11,5.43,28.22,87.73,1.68,97.71,28.6139,77.209,Delhi,1.95,12.259999999999996,47.84,-0.7328571428571431,0,0.43115901766645687,MEDIUM
2024-08-12,34.95,28.35,86.09,1.61,97.8,28.6139,77.209,Delhi,5.43,42.33,82.36000000000001,28.11571428571429,0,0.3739477151455828,MEDIUM
2024-08-13,4.61,28.34,89.16,1.84,97.88,28.6139,77.209,Delhi,34.95,44.99,83.14000000000001,-7.155714285714287,0,0.43366778959628144,MEDIUM
2024-08-14,1.43,28.44,90.84,1.38,97.92,28.6139,77.209,Delhi,4.61,40.99,57.98,-10.44714285714286,0,0.41880292473141656,MEDIUM
2024-08-15,1.46,28.95,87.24,1.52,97.84,28.6139,77.209,Delhi,1.43,7.499999999999993,54.71,-6.822857142857143,0,0.43615901766645687,MEDIUM
2024-08-16,1.89,28.83,86.75,2.5,97.76,28.6139,77.209,Delhi,1.46,4.779999999999992,51.720000000000006,-5.925714285714286,1,0.5461565919045354,MEDIUM
2024-08-17,5.7,29.18,86.82,0.94,97.98,28.6139,77.209,Delhi,1.89,9.049999999999994,55.47,-1.6885714285714295,0,0.46164512877756797,MEDIUM
2024-08-18,2.32,29.51,84.28,1.5,98.05,28.6139,77.209,Delhi,5.7,9.909999999999991,52.36,-5.604285714285714,0,0.4387218518910558,MEDIUM
2024-08-19,4.14,29.09,84.54,1.44,97.95,28.6139,77.209,Delhi,2.32,12.159999999999991,21.55,-3.34,0,0.42872185189105577,MEDIUM
2024-08-20,5.4,28.75,84.75,1.56,98.02,28.6139,77.209,Delhi,4.14,11.859999999999994,22.34,2.321428571428572,0,0.4387218518910558,MEDIUM
2024-08-21,3.54,29.34,82.12,1.41,98.06,28.6139,77.209,Delhi,5.4,13.079999999999997,24.45,0.3485714285714287,0,0.4329642761334801,MEDIUM
2024-08-22,1.4,29.87,81.01,1.25,97.97,28.6139,77.209,Delhi,3.54,10.339999999999996,24.39,-2.092857142857143,0,0.4179642761334801,MEDIUM
2024-08-23,1.61,28.56,83.46,0.71,98.08,28.6139,77.209,Delhi,1.4,6.5499999999999945,24.11,-1.8742857142857143,0,0.45420796300216687,MEDIUM
2024-08-24,0.76,29.31,81.68,0.96,98.03,28.6139,77.209,Delhi,1.61,3.7699999999999942,19.17,-2.684285714285714,0,0.4334503872445912,MEDIUM
2024-08-25,0.38,28.75,84.05,2.87,97.82,28.6139,77.209,Delhi,0.76,2.7499999999999947,17.23,-2.3585714285714285,1,0.555323258571202,MEDIUM
2024-08-26,4.69,28.34,84.37,3.09,97.81,28.6139,77.209,Delhi,0.38,5.829999999999995,17.78,2.228571428571429,1,0.555323258571202,MEDIUM
2024-08-27,2.42,28.21,84.66,3.28,98.0,28.6139,77.209,Delhi,4.69,7.489999999999995,14.8,-0.1200000000000001,1,0.5523105735817729,MEDIUM
2024-08-28,11.14,28.07,86.49,1.99,97.96,28.6139,77.209,Delhi,2.42,18.25,22.4,9.025714285714288,1,0.5071713500601964,MEDIUM
2024-08-29,10.13,27.75,85.08,2.02,97.99,28.6139,77.209,Delhi,11.14,23.69,31.130000000000003,6.930000000000001,1,0.5142399655498285,MEDIUM
2024-08-30,2.11,28.75,77.73,0.67,98.2,28.6139,77.209,Delhi,10.13,23.38,31.630000000000003,-2.3371428571428576,0,0.4713510841087026,MEDIUM
2024-08-31,0.02,29.17,77.81,1.65,98.12,28.6139,77.209,Delhi,2.11,12.259999999999996,30.890000000000004,-4.498571428571429,0,0.4487221158547344,MEDIUM
2024-09-01,0.07,29.91,76.99,1.27,98.07,28.6139,77.209,Delhi,0.02,2.199999999999996,30.58,-4.342857142857143,0,0.4308649729975915,MEDIUM
2024-09-02,1.64,27.22,88.06,1.99,98.2,28.6139,77.209,Delhi,0.07,1.7299999999999964,27.53,-2.728571428571429,1,0.5273689395170377,MEDIUM
2024-09-03,4.15,29.25,79.5,1.52,98.19,28.6139,77.209,Delhi,1.64,5.859999999999997,29.26,0.2171428571428575,0,0.4487221158547344,MEDIUM
2024-09-04,10.38,28.4,83.96,0.9,97.96,28.6139,77.209,Delhi,4.15,16.169999999999998,28.5,6.2,0,0.44778086069271167,MEDIUM
2024-09-05,12.8,28.44,81.96,0.83,97.78,28.6139,77.209,Delhi,10.38,27.33,31.17,8.72857142857143,0,0.42234610590501576,MEDIUM
2024-09-06,31.62,27.31,88.27,1.83,97.97,28.6139,77.209,Delhi,12.8,54.8,60.68,27.167142857142856,0,0.34991687568354624,LOW
2024-09-07,9.23,28.01,84.63,1.14,98.03,28.6139,77.209,Delhi,31.62,53.64999999999999,69.89,0.5614285714285714,0,0.42157899474819865,MEDIUM
2024-09-08,0.83,28.99,81.18,0.68,98.0,28.6139,77.209,Delhi,9.23,41.68,70.64999999999999,-9.154285714285717,0,0.45845038724459114,MEDIUM
2024-09-09,6.63,28.69,82.94,0.76,97.82,28.6139,77.209,Delhi,0.83,16.689999999999994,75.64,-3.4628571428571417,0,0.45845038724459114,MEDIUM
2024-09-10,8.65,30.0,76.36,0.93,97.75,28.6139,77.209,Delhi,6.63,16.109999999999992,80.14,-2.1557142857142857,0,0.4616999213180049,MEDIUM
2024-09-11,42.32,28.44,85.21,1.22,97.73,28.6139,77.209,Delhi,8.65,57.6,112.08,30.871428571428574,0,0.38894771514558274,MEDIUM
2024-09-12,59.31,27.35,90.04,3.38,97.51,28.6139,77.209,Delhi,42.32,110.28,158.59,43.29857142857144,1,0.5854876466254938,MEDIUM
2024-09-13,28.41,27.54,87.18,2.93,97.61,28.6139,77.209,Delhi,59.31,130.04,155.38,5.754285714285714,0,0.46665550793099086,MEDIUM
2024-09-14,16.51,27.08,85.49,2.61,97.9,28.6139,77.209,Delhi,28.41,104.23,162.66000000000005,-5.687142857142856,0,0.4870302214468955,MEDIUM
2024-09-15,1.03,26.87,84.11,1.96,97.95,28.6139,77.209,Delhi,16.51,45.95,162.86,-22.20714285714286,1,0.5349317737416367,MEDIUM
2024-09-16,0.0,26.51,81.5,1.91,98.1,28.6139,77.209,Delhi,1.03,17.539999999999996,156.23,-23.265714285714285,0,0.46489587441926394,MEDIUM
2024-09-17,3.16,27.04,80.19,1.0,98.23,28.6139,77.209,Delhi,0.0,4.189999999999993,150.74,-19.158571428571427,0,0.4309960937923759,MEDIUM
2024-09-18,32.63,26.05,88.8,1.81,98.12,28.6139,77.209,Delhi,3.16,35.78999999999999,141.05,11.095714285714289,0,0.3390292445977817,LOW
2024-09-19,1.16,27.14,86.45,2.21,98.09,28.6139,77.209,Delhi,32.63,36.95,82.9,-18.99,1,0.5349317737416367,MEDIUM
2024-09-20,0.01,27.8,83.68,0.95,98.1,28.6139,77.209,Delhi,1.16,33.8,54.50000000000001,-11.832857142857144,0,0.4184958298286973,MEDIUM
2024-09-21,0.0,28.37,82.88,0.98,98.23,28.6139,77.209,Delhi,0.01,1.17,37.99,-7.7857142857142865,0,0.4334503872445912,MEDIUM
2024-09-22,0.0,29.22,81.54,0.98,98.16,28.6139,77.209,Delhi,0.0,0.01,36.96,-5.427142857142857,0,0.4334503872445912,MEDIUM
2024-09-23,0.0,29.32,82.91,1.02,98.12,28.6139,77.209,Delhi,0.0,0.0,36.96,-5.28,0,0.4334503872445912,MEDIUM
2024-09-24,0.14,30.37,75.8,0.46,98.01,28.6139,77.209,Delhi,0.0,0.14,33.940000000000005,-5.140000000000001,0,0.4563510841087027,MEDIUM
2024-09-25,0.67,28.54,86.49,1.77,98.05,28.6139,77.209,Delhi,0.14,0.81,1.98,-4.17857142857143,0,0.4387218518910558,MEDIUM
2024-09-26,5.19,27.38,88.79,1.85,98.09,28.6139,77.209,Delhi,0.67,6.0,6.010000000000001,4.9071428571428575,0,0.4179556564228119,MEDIUM
2024-09-27,1.06,26.73,87.68,2.77,98.03,28.6139,77.209,Delhi,5.19,6.920000000000002,7.0600000000000005,0.2014285714285714,1,0.5365356061837044,MEDIUM
2024-09-28,0.27,26.14,90.19,2.25,98.17,28.6139,77.209,Delhi,1.06,6.520000000000001,7.330000000000001,-0.7385714285714287,1,0.5222116816616466,MEDIUM
2024-09-29,0.0,28.16,81.01,0.94,98.45,28.6139,77.209,Delhi,0.27,1.33,7.330000000000001,-1.0471428571428574,0,0.4684503872445911,MEDIUM
2024-09-30,0.0,27.27,80.79,1.63,98.36,28.6139,77.209,Delhi,0.0,0.27,7.330000000000001,-1.0471428571428574,0,0.44050998268126484,MEDIUM
2024-10-01,0.0,27.23,77.42,1.91,98.09,28.6139,77.209,Delhi,0.0,0.0,7.19,-1.0471428571428574,0,0.4781155933465836,MEDIUM
2024-10-02,0.0,27.21,74.81,1.87,98.05,28.6139,77.209,Delhi,0.0,0.0,6.5200000000000005,-1.0271428571428571,0,0.4576528398241219,MEDIUM
2024-10-03,0.0,26.92,69.29,1.67,98.01,28.6139,77.209,Delhi,0.0,0.0,1.33,-0.9314285714285716,0,0.42498208902789214,MEDIUM
2024-10-04,0.05,26.56,74.69,1.35,98.12,28.6139,77.209,Delhi,0.0,0.05,0.32,-0.14,0,0.44249717590814297,MEDIUM
2024-10-05,0.05,27.28,78.14,1.58,98.34,28.6139,77.209,Delhi,0.05,0.1,0.1,0.0042857142857142,0,0.44050998268126484,MEDIUM
2024-10-06,0.0,26.54,73.77,1.32,98.64,28.6139,77.209,Delhi,0.05,0.1,0.1,-0.0142857142857142,0,0.44281768872865584,MEDIUM
2024-10-07,0.0,26.26,71.46,1.19,98.86,28.6139,77.209,Delhi,0.0,0.05,0.1,-0.0142857142857142,0,0.4536344160027086,MEDIUM
2024-10-08,0.0,26.64,65.25,0.88,98.83,28.6139,77.209,Delhi,0.0,0.0,0.1,-0.0142857142857142,0,0.39520078933308644,MEDIUM
2024-10-09,0.0,26.25,64.92,1.17,98.62,28.6139,77.209,Delhi,0.0,0.0,0.1,-0.0142857142857142,0,0.37503519104248817,MEDIUM
2024-10-10,0.0,25.34,69.56,1.76,98.53,28.6139,77.209,Delhi,0.0,0.0,0.1,-0.0142857142857142,0,0.4203849884426721,MEDIUM
2024-10-11,0.0,24.17,64.88,1.62,98.53,28.6139,77.209,Delhi,0.0,0.0,0.05,-0.0142857142857142,0,0.3665200529376491,MEDIUM
2024-10-12,0.0,24.43,59.33,1.41,98.63,28.6139,77.209,Delhi,0.0,0.0,0.0,-0.0071428571428571,0,0.3802954748422694,MEDIUM
2024-10-13,0.0,24.45,60.75,1.1,98.72,28.6139,77.209,Delhi,0.0,0.0,0.0,0.0,0,0.3890885782905453,MEDIUM
2024-10-14,0.0,25.38,66.48,1.49,98.76,28.6139,77.209,Delhi,0.0,0.0,0.0,0.0,0,0.3786763509670122,MEDIUM
2024-10-15,0.01,24.78,56.2,1.36,98.65,28.6139,77.209,Delhi,0.0,0.01,0.01,0.01,0,0.3478904493524794,LOW
2024-10-16,0.0,24.55,58.63,1.28,98.56,28.6139,77.209,Delhi,0.01,0.01,0.01,-0.0014285714285714,0,0.374366903413698,MEDIUM
2024-10-17,0.0,24.79,64.25,1.29,98.59,28.6139,77.209,Delhi,0.0,0.01,0.01,-0.0014285714285714,0,0.3653934295610257,MEDIUM
2024-10-18,0.0,25.25,62.99,1.05,98.6,28.6139,77.209,Delhi,0.0,0.0,0.01,-0.0014285714285714,0,0.3693254866180828,MEDIUM
2024-10-19,0.0,25.18,67.11,1.29,98.63,28.6139,77.209,Delhi,0.0,0.0,0.01,-0.0014285714285714,0,0.3604819065225678,MEDIUM
2024-10-20,0.0,25.16,66.14,0.89,98.75,28.6139,77.209,Delhi,0.0,0.0,0.01,-0.0014285714285714,0,0.38541246207812335,MEDIUM
2024-10-21,0.05,24.92,72.21,0.97,98.8,28.6139,77.209,Delhi,0.0,0.05,0.06,0.0485714285714285,0,0.41170447579939917,MEDIUM
2024-10-22,0.0,24.93,74.97,0.97,98.88,28.6139,77.209,Delhi,0.05,0.05,0.05,-0.0085714285714285,0,0.4248928815965007,MEDIUM
2024-10-23,0.0,24.6,66.57,1.5,98.8,28.6139,77.209,Delhi,0.0,0.05,0.05,-0.0071428571428571,0,0.36393639347705464,MEDIUM
2024-10-24,0.0,24.33,66.73,1.97,98.68,28.6139,77.209,Delhi,0.0,0.0,0.05,-0.0071428571428571,0,0.472096418277448,MEDIUM
2024-10-25,0.0,24.85,63.01,1.8,98.59,28.6139,77.209,Delhi,0.0,0.0,0.05,-0.0071428571428571,0,0.37883937550697167,MEDIUM
2024-10-26,0.0,24.5,61.69,1.66,98.62,28.6139,77.209,Delhi,0.0,0.0,0.05,-0.0071428571428571,0,0.37879386246145863,MEDIUM
2024-10-27,0.0,24.14,69.85,1.28,98.57,28.6139,77.209,Delhi,0.0,0.0,0.05,-0.0071428571428571,0,0.41416790676970805,MEDIUM
2024-10-28,0.0,24.25,79.63,1.73,98.47,28.6139,77.209,Delhi,0.0,0.0,0.0,-0.0071428571428571,0,0.4119379607018264,MEDIUM
2024-10-29,0.0,25.41,74.41,1.36,98.47,28.6139,77.209,Delhi,0.0,0.0,0.0,0.0,0,0.43815677048538954,MEDIUM
2024-10-30,0.0,26.67,65.07,1.17,98.52,28.6139,77.209,Delhi,0.0,0.0,0.0,0.0,0,0.37535421310569633,MEDIUM
2024-10-31,0.0,25.63,58.6,1.77,98.66,28.6139,77.209,Delhi,0.0,0.0,0.0,0.0,0,0.38706148478219243,MEDIUM
2024-11-01,0.0,24.15,49.4,1.97,98.75,28.6139,77.209,Delhi,0.0,0.0,0.0,0.0,0,0.45765442218650987,MEDIUM
2024-11-02,0.0,23.87,52.38,1.19,98.89,28.6139,77.209,Delhi,0.0,0.0,0.0,0.0,0,0.3468355081894121,LOW
2024-11-03,0.0,23.81,57.63,0.96,98.98,28.6139,77.209,Delhi,0.0,0.0,0.0,0.0,0,0.3773104908305158,MEDIUM
2024-11-04,0.0,22.93,64.86,0.95,98.85,28.6139,77.209,Delhi,0.0,0.0,0.0,0.0,0,0.36963774299612856,MEDIUM
2024-11-05,0.0,22.69,69.13,1.25,99.05,28.6139,77.209,Delhi,0.0,0.0,0.0,0.0,0,0.39739441617366067,MEDIUM
2024-11-06,0.0,22.81,68.3,1.06,99.06,28.6139,77.209,Delhi,0.0,0.0,0.0,0.0,0,0.38720765906771754,MEDIUM
2024-11-07,0.0,22.78,71.49,1.18,99.0,28.6139,77.209,Delhi,0.0,0.0,0.0,0.0,0,0.42306919658423425,MEDIUM
2024-11-08,0.0,23.16,73.68,1.26,98.95,28.6139,77.209,Delhi,0.0,0.0,0.0,0.0,0,0.4216307915693177,MEDIUM
2024-11-09,0.0,23.17,75.92,1.82,98.95,28.6139,77.209,Delhi,0.0,0.0,0.0,0.0,0,0.4216307915693177,MEDIUM
2024-11-10,0.0,23.65,66.71,1.42,98.96,28.6139,77.209,Delhi,0.0,0.0,0.0,0.0,0,0.36656797242442307,MEDIUM
2024-11-11,0.0,23.76,64.43,1.07,98.94,28.6139,77.209,Delhi,0.0,0.0,0.0,0.0,0,0.3795635993035639,MEDIUM
2024-11-12,0.0,23.21,60.45,1.44,98.9,28.6139,77.209,Delhi,0.0,0.0,0.0,0.0,0,0.4059270537896377,MEDIUM
2024-11-13,0.0,22.04,53.42,1.34,98.84,28.6139,77.209,Delhi,0.0,0.0,0.0,0.0,0,0.4041007740672851,MEDIUM
2024-11-14,0.0,22.31,48.97,1.04,99.05,28.6139,77.209,Delhi,0.0,0.0,0.0,0.0,0,0.3727118851783962,MEDIUM
2024-11-15,0.0,22.05,50.03,1.58,98.98,28.6139,77.209,Delhi,0.0,0.0,0.0,0.0,0,0.38271188517839627,MEDIUM
2024-11-16,0.0,21.45,51.4,1.59,98.84,28.6139,77.209,Delhi,0.0,0.0,0.0,0.0,0,0.37271188517839626,MEDIUM
2024-11-17,0.0,21.13,53.46,1.37,98.92,28.6139,77.209,Delhi,0.0,0.0,0.0,0.0,0,0.40061505978157086,MEDIUM
2024-11-18,0.0,19.08,52.76,1.44,99.08,28.6139,77.209,Delhi,0.0,0.0,0.0,0.0,0,0.3946382921048032,MEDIUM
2024-11-19,0.0,18.59,48.16,1.65,99.17,28.6139,77.209,Delhi,0.0,0.0,0.0,0.0,0,0.407567585034096,MEDIUM
2024-11-20,0.0,18.65,44.78,1.37,99.07,28.6139,77.209,Delhi,0.0,0.0,0.0,0.0,0,0.37509722930287076,MEDIUM
2024-11-21,0.0,18.98,41.55,1.28,99.02,28.6139,77.209,Delhi,0.0,0.0,0.0,0.0,0,0.37509722930287076,MEDIUM
2024-11-22,0.0,18.87,41.14,1.31,99.0,28.6139,77.209,Delhi,0.0,0.0,0.0,0.0,0,0.37509722930287076,MEDIUM
2024-11-23,0.0,18.68,48.05,1.32,99.04,28.6139,77.209,Delhi,0.0,0.0,0.0,0.0,0,0.37574940321591427,MEDIUM
2024-11-24,0.0,19.16,50.04,1.9,99.04,28.6139,77.209,Delhi,0.0,0.0,0.0,0.0,0,0.3846382921048032,MEDIUM
2024-11-25,0.0,17.93,52.52,1.92,99.05,28.6139,77.209,Delhi,0.0,0.0,0.0,0.0,1,0.5114009169195013,MEDIUM
2024-11-26,0.0,17.53,48.36,1.84,99.04,28.6139,77.209,Delhi,0.0,0.0,0.0,0.0,0,0.4463303368143698,MEDIUM
2024-11-27,0.0,17.98,48.55,1.57,99.02,28.6139,77.209,Delhi,0.0,0.0,0.0,0.0,0,0.40645647392298495,MEDIUM
2024-11-28,0.0,18.53,44.89,1.12,99.18,28.6139,77.209,Delhi,0.0,0.0,0.0,0.0,0,0.39691541112105255,MEDIUM
2024-11-29,0.0,18.3,44.33,1.15,99.24,28.6139,77.209,Delhi,0.0,0.0,0.0,0.0,0,0.39691541112105255,MEDIUM
2024-11-30,0.0,17.7,47.81,1.56,99.06,28.6139,77.209,Delhi,0.0,0.0,0.0,0.0,0,0.43744144792548084,MEDIUM
2024-12-01,0.0,17.19,48.45,1.29,98.89,28.6139,77.209,Delhi,0.0,0.0,0.0,0.0,0,0.4402131870559156,MEDIUM
2024-12-02,0.0,19.09,47.4,1.3,98.91,28.6139,77.209,Delhi,0.0,0.0,0.0,0.0,0,0.37574940321591427,MEDIUM
2024-12-03,0.0,19.33,51.27,1.42,99.08,28.6139,77.209,Delhi,0.0,0.0,0.0,0.0,0,0.36463829210480314,MEDIUM
2024-12-04,0.0,18.25,52.08,2.67,98.99,28.6139,77.209,Delhi,0.0,0.0,0.0,0.0,1,0.5297915051361999,MEDIUM
2024-12-05,0.0,16.13,46.62,2.23,98.97,28.6139,77.209,Delhi,0.0,0.0,0.0,0.0,1,0.5902545674754797,MEDIUM
2024-12-06,0.0,16.31,46.85,2.06,98.86,28.6139,77.209,Delhi,0.0,0.0,0.0,0.0,1,0.5902545674754797,MEDIUM
2024-12-07,0.0,16.12,37.67,1.21,98.82,28.6139,77.209,Delhi,0.0,0.0,0.0,0.0,0,0.4498387909206499,MEDIUM
2024-12-08,0.03,14.81,45.52,2.01,98.83,28.6139,77.209,Delhi,0.0,0.03,0.03,0.03,1,0.593131805327142,MEDIUM
2024-12-09,0.07,13.93,60.69,1.49,99.04,28.6139,77.209,Delhi,0.03,0.1,0.1,0.0657142857142857,1,0.5065800541211584,MEDIUM
2024-12-10,0.0,12.7,48.65,2.49,99.22,28.6139,77.209,Delhi,0.07,0.1,0.1,-0.0142857142857142,1,0.5826728681290745,MEDIUM
2024-12-11,0.0,12.36,33.17,2.11,99.21,28.6139,77.209,Delhi,0.0,0.07,0.1,-0.0142857142857142,1,0.583131805327142,MEDIUM
2024-12-12,0.0,11.45,35.65,2.08,99.18,28.6139,77.209,Delhi,0.0,0.0,0.1,-0.0142857142857142,1,0.5519422628434819,MEDIUM
2024-12-13,0.0,12.23,38.43,3.47,99.23,28.6139,77.209,Delhi,0.0,0.0,0.1,-0.0142857142857142,1,0.5243232152244343,MEDIUM
2024-12-14,0.0,11.82,36.87,2.56,99.28,28.6139,77.209,Delhi,0.0,0.0,0.1,-0.0142857142857142,1,0.5571803580815772,MEDIUM
2024-12-15,0.0,12.42,35.5,1.31,99.44,28.6139,77.209,Delhi,0.0,0.0,0.07,-0.0142857142857142,0,0.44336820268535576,MEDIUM
2024-12-16,0.0,13.8,33.94,1.35,99.26,28.6139,77.209,Delhi,0.0,0.0,0.0,-0.01,0,0.45336820268535577,MEDIUM
2024-12-17,0.0,15.19,31.46,0.86,99.13,28.6139,77.209,Delhi,0.0,0.0,0.0,0.0,0,0.4633682026853558,MEDIUM
2024-12-18,0.0,13.99,35.23,1.13,99.09,28.6139,77.209,Delhi,0.0,0.0,0.0,0.0,0,0.45336820268535577,MEDIUM
2024-12-19,0.0,13.91,42.94,1.22,99.11,28.6139,77.209,Delhi,0.0,0.0,0.0,0.0,0,0.45336820268535577,MEDIUM
2024-12-20,0.0,14.24,48.53,1.03,99.07,28.6139,77.209,Delhi,0.0,0.0,0.0,0.0,0,0.4529092654872881,MEDIUM
2024-12-21,0.0,14.06,52.19,1.52,99.09,28.6139,77.209,Delhi,0.0,0.0,0.0,0.0,0,0.4629092654872881,MEDIUM
2024-12-22,0.0,15.63,47.83,1.04,99.1,28.6139,77.209,Delhi,0.0,0.0,0.0,0.0,0,0.4540203765983993,MEDIUM
2024-12-23,0.1,13.26,57.92,1.28,99.12,28.6139,77.209,Delhi,0.0,0.1,0.1,0.1,1,0.5147155221014538,MEDIUM
2024-12-24,0.17,15.63,63.86,1.21,99.2,28.6139,77.209,Delhi,0.1,0.27,0.27,0.1557142857142857,0,0.47203838745449167,MEDIUM
2024-12-25,0.03,15.14,66.08,1.27,99.37,28.6139,77.209,Delhi,0.17,0.3,0.3,-0.0085714285714285,0,0.4833198073589765,MEDIUM
2024-12-26,0.06,16.27,52.7,0.88,99.58,28.6139,77.209,Delhi,0.03,0.26,0.36,0.0171428571428571,0,0.47937985372258224,MEDIUM
2024-12-27,9.51,17.27,64.59,2.01,99.4,28.6139,77.209,Delhi,0.06,9.6,9.87,9.458571428571428,1,0.5624817793274521,MEDIUM
2024-12-28,6.09,15.2,87.76,1.75,99.39,28.6139,77.209,Delhi,9.51,15.66,15.96,4.68,1,0.5354997341677835,MEDIUM
2024-12-29,0.08,14.42,72.73,2.52,99.48,28.6139,77.209,Delhi,6.09,15.68,16.04,-2.2,1,0.6561033174754002,MEDIUM
2024-12-30,0.0,12.35,55.76,2.36,99.44,28.6139,77.209,Delhi,0.08,6.17,15.94,-2.291428571428572,1,0.6508795413839619,MEDIUM
2024-12-31,0.0,11.62,49.13,1.26,99.55,28.6139,77.209,Delhi,0.0,0.08,15.77,-2.277142857142857,0,0.411719723003628,MEDIUM
